{
  "accuracy_by_family": {
    "arithmetic": 0.5972222222222222,
    "composed": 0.6666666666666666,
    "knights_knaves": 0.6111111111111112,
    "logic_grid": 0.55,
    "multi_turn_inject": 0.5694444444444444,
    "ordering": 0.5277777777777778,
    "redefined_ops": 0.6388888888888888,
    "retroactive_edit": 0.5416666666666666,
    "sequences": 0.5833333333333334,
    "state_tracking": 0.6527777777777778,
    "unsat_csp": 0.5277777777777778
  },
  "degradation": {
    "arithmetic": {
      "1": {
        "hi": 0.9851352905492264,
        "lo": 0.6461140782014047,
        "mean": 0.9166666666666666,
        "n": 12,
        "std": 0.2763853991962833
      },
      "2": {
        "hi": 0.9530358523851776,
        "lo": 0.5519636426153274,
        "mean": 0.8333333333333334,
        "n": 12,
        "std": 0.37267799624996495
      },
      "3": {
        "hi": 0.9110599603710386,
        "lo": 0.46768966087934005,
        "mean": 0.75,
        "n": 12,
        "std": 0.4330127018922193
      },
      "4": {
        "hi": 0.8067425380947535,
        "lo": 0.3195073356553728,
        "mean": 0.5833333333333334,
        "n": 12,
        "std": 0.4930066485916347
      },
      "5": {
        "hi": 0.609382412602386,
        "lo": 0.13811783989736134,
        "mean": 0.3333333333333333,
        "n": 12,
        "std": 0.4714045207910317
      },
      "6": {
        "hi": 0.44803635738467273,
        "lo": 0.04696414761482223,
        "mean": 0.16666666666666666,
        "n": 12,
        "std": 0.3726779962499649
      }
    },
    "composed": {
      "1": {
        "hi": 0.9851352905492264,
        "lo": 0.6461140782014047,
        "mean": 0.9166666666666666,
        "n": 12,
        "std": 0.2763853991962833
      },
      "2": {
        "hi": 0.9851352905492264,
        "lo": 0.6461140782014047,
        "mean": 0.9166666666666666,
        "n": 12,
        "std": 0.2763853991962833
      },
      "3": {
        "hi": 0.8618821601026385,
        "lo": 0.3906175873976139,
        "mean": 0.6666666666666666,
        "n": 12,
        "std": 0.4714045207910317
      },
      "4": {
        "hi": 0.609382412602386,
        "lo": 0.13811783989736134,
        "mean": 0.3333333333333333,
        "n": 12,
        "std": 0.4714045207910317
      },
      "5": {
        "hi": 0.7462218296065778,
        "lo": 0.2537781703934222,
        "mean": 0.5,
        "n": 12,
        "std": 0.5
      }
    },
    "knights_knaves": {
      "1": {
        "hi": 0.9851352905492264,
        "lo": 0.6461140782014047,
        "mean": 0.9166666666666666,
        "n": 12,
        "std": 0.2763853991962833
      },
      "2": {
        "hi": 0.9851352905492264,
        "lo": 0.6461140782014047,
        "mean": 0.9166666666666666,
        "n": 12,
        "std": 0.2763853991962833
      },
      "3": {
        "hi": 0.9530358523851776,
        "lo": 0.5519636426153274,
        "mean": 0.8333333333333334,
        "n": 12,
        "std": 0.3726779962499649
      },
      "4": {
        "hi": 0.609382412602386,
        "lo": 0.13811783989736134,
        "mean": 0.3333333333333333,
        "n": 12,
        "std": 0.4714045207910317
      },
      "5": {
        "hi": 0.6804926643446272,
        "lo": 0.19325746190524656,
        "mean": 0.4166666666666667,
        "n": 12,
        "std": 0.4930066485916347
      },
      "6": {
        "hi": 0.53231033912066,
        "lo": 0.08894003962896138,
        "mean": 0.25,
        "n": 12,
        "std": 0.4330127018922193
      }
    },
    "logic_grid": {
      "1": {
        "hi": 0.9530358523851776,
        "lo": 0.5519636426153274,
        "mean": 0.8333333333333334,
        "n": 12,
        "std": 0.3726779962499649
      },
      "2": {
        "hi": 0.9851352905492264,
        "lo": 0.6461140782014047,
        "mean": 0.9166666666666666,
        "n": 12,
        "std": 0.2763853991962833
      },
      "3": {
        "hi": 0.8067425380947535,
        "lo": 0.3195073356553728,
        "mean": 0.5833333333333334,
        "n": 12,
        "std": 0.4930066485916347
      },
      "4": {
        "hi": 0.53231033912066,
        "lo": 0.08894003962896138,
        "mean": 0.25,
        "n": 12,
        "std": 0.4330127018922193
      },
      "5": {
        "hi": 0.44803635738467273,
        "lo": 0.04696414761482223,
        "mean": 0.16666666666666666,
        "n": 12,
        "std": 0.37267799624996495
      }
    },
    "multi_turn_inject": {
      "1": {
        "hi": 0.9851352905492264,
        "lo": 0.6461140782014047,
        "mean": 0.9166666666666666,
        "n": 12,
        "std": 0.2763853991962833
      },
      "2": {
        "hi": 0.8618821601026385,
        "lo": 0.3906175873976139,
        "mean": 0.6666666666666666,
        "n": 12,
        "std": 0.4714045207910317
      },
      "3": {
        "hi": 0.8067425380947535,
        "lo": 0.3195073356553728,
        "mean": 0.5833333333333334,
        "n": 12,
        "std": 0.4930066485916347
      },
      "4": {
        "hi": 0.7462218296065778,
        "lo": 0.2537781703934222,
        "mean": 0.5,
        "n": 12,
        "std": 0.5
      },
      "5": {
        "hi": 0.6804926643446272,
        "lo": 0.19325746190524656,
        "mean": 0.4166666666666667,
        "n": 12,
        "std": 0.4930066485916347
      },
      "6": {
        "hi": 0.609382412602386,
        "lo": 0.13811783989736134,
        "mean": 0.3333333333333333,
        "n": 12,
        "std": 0.4714045207910317
      }
    },
    "ordering": {
      "1": {
        "hi": 0.9530358523851776,
        "lo": 0.5519636426153274,
        "mean": 0.8333333333333334,
        "n": 12,
        "std": 0.3726779962499649
      },
      "2": {
        "hi": 0.8067425380947535,
        "lo": 0.3195073356553728,
        "mean": 0.5833333333333334,
        "n": 12,
        "std": 0.4930066485916347
      },
      "3": {
        "hi": 0.9530358523851776,
        "lo": 0.5519636426153274,
        "mean": 0.8333333333333334,
        "n": 12,
        "std": 0.3726779962499649
      },
      "4": {
        "hi": 0.7462218296065778,
        "lo": 0.2537781703934222,
        "mean": 0.5,
        "n": 12,
        "std": 0.5
      },
      "5": {
        "hi": 0.35388592179859524,
        "lo": 0.014864709450773478,
        "mean": 0.08333333333333333,
        "n": 12,
        "std": 0.2763853991962833
      },
      "6": {
        "hi": 0.609382412602386,
        "lo": 0.13811783989736134,
        "mean": 0.3333333333333333,
        "n": 12,
        "std": 0.4714045207910317
      }
    },
    "redefined_ops": {
      "1": {
        "hi": 0.9530358523851776,
        "lo": 0.5519636426153274,
        "mean": 0.8333333333333334,
        "n": 12,
        "std": 0.3726779962499649
      },
      "2": {
        "hi": 0.9530358523851776,
        "lo": 0.5519636426153274,
        "mean": 0.8333333333333334,
        "n": 12,
        "std": 0.3726779962499649
      },
      "3": {
        "hi": 0.9110599603710386,
        "lo": 0.46768966087934005,
        "mean": 0.75,
        "n": 12,
        "std": 0.4330127018922193
      },
      "4": {
        "hi": 0.7462218296065778,
        "lo": 0.2537781703934222,
        "mean": 0.5,
        "n": 12,
        "std": 0.5
      },
      "5": {
        "hi": 0.9110599603710386,
        "lo": 0.46768966087934005,
        "mean": 0.75,
        "n": 12,
        "std": 0.4330127018922193
      },
      "6": {
        "hi": 0.44803635738467273,
        "lo": 0.04696414761482223,
        "mean": 0.16666666666666666,
        "n": 12,
        "std": 0.372677996249965
      }
    },
    "retroactive_edit": {
      "1": {
        "hi": 1.0,
        "lo": 0.7574992425007574,
        "mean": 1.0,
        "n": 12,
        "std": 0.0
      },
      "2": {
        "hi": 0.9530358523851776,
        "lo": 0.5519636426153274,
        "mean": 0.8333333333333334,
        "n": 12,
        "std": 0.372677996249965
      },
      "3": {
        "hi": 0.7462218296065778,
        "lo": 0.2537781703934222,